what,kind,bundleId,bundleVersion,description,time
started,bundle,org.eclipse.equinox.p2.directorywatcher,1.0.300.v20110815-1419,"org.eclipse.equinox.p2.directorywatcher",1335770229054
started,bundle,org.eclipse.equinox.p2.engine,2.1.1.R37x_v20111003,"org.eclipse.equinox.p2.engine",1335770229054
started,bundle,org.eclipse.equinox.p2.extensionlocation,1.2.100.v20110815-1419,"org.eclipse.equinox.p2.extensionlocation",1335770229054
started,bundle,org.eclipse.equinox.p2.metadata,2.1.0.v20110815-1419,"org.eclipse.equinox.p2.metadata",1335770229055
started,bundle,org.eclipse.equinox.p2.metadata.repository,1.2.0.v20110815-1419,"org.eclipse.equinox.p2.metadata.repository",1335770229055
started,bundle,org.eclipse.equinox.p2.operations,2.1.1.R37x_v20111111,"org.eclipse.equinox.p2.operations",1335770229056
started,bundle,org.eclipse.equinox.p2.publisher,1.2.0.v20110815-1419,"org.eclipse.equinox.p2.publisher",1335770229056
started,bundle,org.eclipse.equinox.p2.reconciler.dropins,1.1.100.v20110815-1419,"org.eclipse.equinox.p2.reconciler.dropins",1335770229056
started,bundle,org.eclipse.equinox.p2.repository,2.1.1.v20120113-1346,"org.eclipse.equinox.p2.repository",1335770229057
started,bundle,org.eclipse.equinox.p2.touchpoint.eclipse,2.1.1.v20110815-1419,"org.eclipse.equinox.p2.touchpoint.eclipse",1335770229057
started,bundle,org.eclipse.equinox.p2.ui.sdk.scheduler,1.0.100.v20110815-1419,"org.eclipse.equinox.p2.ui.sdk.scheduler",1335770229057
started,bundle,org.eclipse.equinox.p2.updatechecker,1.1.200.v20110815-1419,"org.eclipse.equinox.p2.updatechecker",1335770229058
started,bundle,org.eclipse.equinox.preferences,3.4.2.v20120111-2020,"org.eclipse.equinox.preferences",1335770229058
started,bundle,org.eclipse.equinox.registry,3.5.101.R37x_v20110810-1611,"org.eclipse.equinox.registry",1335770229058
started,bundle,org.eclipse.equinox.security,1.1.1.R37x_v20110822-1018,"org.eclipse.equinox.security",1335770229058
started,bundle,org.eclipse.equinox.util,1.0.300.v20110502,"org.eclipse.equinox.util",1335770229058
started,bundle,org.eclipse.help,3.5.100.v20110426,"org.eclipse.help",1335770229058
started,bundle,org.eclipse.jdt.core,3.7.3.v20120119-1537,"org.eclipse.jdt.core",1335770229058
started,bundle,org.eclipse.jdt.core.manipulation,1.4.0.v20110928-1453,"org.eclipse.jdt.core.manipulation",1335770229058
started,bundle,org.eclipse.jdt.ui,3.7.2.v20120109-1427,"org.eclipse.jdt.ui",1335770229058
started,bundle,org.eclipse.jface,3.7.0.v20110928-1505,"org.eclipse.jface",1335770229059
started,bundle,org.eclipse.jsch.core,1.1.300.I20110514-0800,"org.eclipse.jsch.core",1335770229059
started,bundle,org.eclipse.ltk.core.refactoring,3.5.201.r372_v20111101-0700,"org.eclipse.ltk.core.refactoring",1335770229059
started,bundle,org.eclipse.ltk.ui.refactoring,3.6.0.v20110928-1453,"org.eclipse.ltk.ui.refactoring",1335770229059
started,bundle,org.eclipse.m2e.logback.configuration,1.0.200.20111228-1245,"org.eclipse.m2e.logback.configuration",1335770229059
started,bundle,org.eclipse.mylyn.bugzilla.core,3.6.5.v20120123-0100,"org.eclipse.mylyn.bugzilla.core",1335770229059
started,bundle,org.eclipse.mylyn.bugzilla.ui,3.6.0.v20110608-1400,"org.eclipse.mylyn.bugzilla.ui",1335770229059
started,bundle,org.eclipse.mylyn.commons.identity,0.8.0.v20110608-1400,"org.eclipse.mylyn.commons.identity",1335770229060
started,bundle,org.eclipse.mylyn.commons.net,3.6.0.v20110608-1400,"org.eclipse.mylyn.commons.net",1335770229060
started,bundle,org.eclipse.mylyn.commons.ui,3.6.1.v20110720-0100,"org.eclipse.mylyn.commons.ui",1335770229060
started,bundle,org.eclipse.mylyn.context.core,3.6.1.v20110720-0100,"org.eclipse.mylyn.context.core",1335770229060
started,bundle,org.eclipse.mylyn.context.ui,3.6.1.v20120112-0100,"org.eclipse.mylyn.context.ui",1335770229060
started,bundle,org.eclipse.mylyn.monitor.ui,3.6.0.v20110608-1400,"org.eclipse.mylyn.monitor.ui",1335770229060
started,bundle,org.eclipse.mylyn.tasks.ui,3.6.5.v20120215-0100,"org.eclipse.mylyn.tasks.ui",1335770229060
started,bundle,org.eclipse.mylyn.team.ui,3.6.1.v20110825-0100,"org.eclipse.mylyn.team.ui",1335770229060
started,bundle,org.eclipse.search,3.7.0.v20110928-1504,"org.eclipse.search",1335770229060
started,bundle,org.eclipse.team.core,3.6.0.I20110525-0800,"org.eclipse.team.core",1335770229060
started,bundle,org.eclipse.team.cvs.core,3.3.400.I20110510-0800,"org.eclipse.team.cvs.core",1335770229060
started,bundle,org.eclipse.team.cvs.ui,3.3.401.v20120126-1227,"org.eclipse.team.cvs.ui",1335770229060
started,bundle,org.eclipse.team.ui,3.6.101.R37x_v20111109-0800,"org.eclipse.team.ui",1335770229060
started,bundle,org.eclipse.ui,3.7.0.v20110928-1505,"org.eclipse.ui",1335770229061
started,bundle,org.eclipse.ui.console,3.5.100.v20111007_r372,"org.eclipse.ui.console",1335770229061
started,bundle,org.eclipse.ui.editors,3.7.0.v20110928-1504,"org.eclipse.ui.editors",1335770229061
started,bundle,org.eclipse.ui.forms,3.5.101.v20111011-1919,"org.eclipse.ui.forms",1335770229061
started,bundle,org.eclipse.ui.ide,3.7.0.v20110928-1505,"org.eclipse.ui.ide",1335770229061
started,bundle,org.eclipse.ui.net,1.2.100.v20111208-1155,"org.eclipse.ui.net",1335770229061
started,bundle,org.eclipse.ui.views,3.6.0.v20110928-1505,"org.eclipse.ui.views",1335770229061
started,bundle,org.eclipse.ui.workbench,3.7.1.v20120104-1859,"org.eclipse.ui.workbench",1335770229061
started,bundle,org.eclipse.ui.workbench.texteditor,3.7.0.v20110928-1504,"org.eclipse.ui.workbench.texteditor",1335770229061
started,bundle,org.eclipse.update.configurator,3.3.100.v20100512,"org.eclipse.update.configurator",1335770229062
started,bundle,org.eclipse.update.core,3.2.500.v20110330,"org.eclipse.update.core",1335770229062
started,bundle,org.eclipse.update.scheduler,3.2.300.v20100512,"org.eclipse.update.scheduler",1335770229062
started,bundle,org.eclipse.wb.discovery.core,1.3.0.r37x201202052340,"org.eclipse.wb.discovery.core",1335770229062
started,bundle,org.eclipse.wb.discovery.ui,1.3.0.r37x201202052340,"org.eclipse.wb.discovery.ui",1335770229062
started,bundle,com.android.ide.eclipse.adt,18.0.0.v201203301601-306762,"com.android.ide.eclipse.adt",1335770229062
os,sysinfo,,,"linux",1335770229064
arch,sysinfo,,,"x86_64",1335770229064
ws,sysinfo,,,"gtk",1335770229064
locale,sysinfo,,,"en_US",1335770229064
processors,sysinfo,,,"8",1335770229064
java.runtime.name,sysinfo,,,"Java(TM) SE Runtime Environment",1335770229064
java.runtime.version,sysinfo,,,"1.6.0_26-b03",1335770229064
java.specification.name,sysinfo,,,"Java Platform API Specification",1335770229064
java.specification.vendor,sysinfo,,,"Sun Microsystems Inc.",1335770229064
java.specification.version,sysinfo,,,"1.6",1335770229064
java.vendor,sysinfo,,,"Sun Microsystems Inc.",1335770229064
java.version,sysinfo,,,"1.6.0_26",1335770229064
java.vm.info,sysinfo,,,"mixed mode",1335770229064
java.vm.name,sysinfo,,,"Java HotSpot(TM) 64-Bit Server VM",1335770229064
java.vm.specification.name,sysinfo,,,"Java Virtual Machine Specification",1335770229064
java.vm.specification.vendor,sysinfo,,,"Sun Microsystems Inc.",1335770229064
java.vm.specification.version,sysinfo,,,"1.0",1335770229064
java.vm.vendor,sysinfo,,,"Sun Microsystems Inc.",1335770229064
java.vm.version,sysinfo,,,"20.1-b02",1335770229064
started,bundle,org.eclipse.m2e.usagedata,1.0.200.20111228-1245,"org.eclipse.m2e.usagedata",1335770229066
activated,workbench,org.eclipse.ui.workbench,3.7.1.v20120104-1859,"",1335770308472
deactivated,workbench,org.eclipse.ui.workbench,3.7.1.v20120104-1859,"",1335770308531
opened,view,org.eclipse.ui.console,3.5.100.v20111007_r372,"org.eclipse.ui.console.ConsoleView",1335770360121
started,bundle,com.android.ide.eclipse.ddms,18.0.0.v201203301601-306762,"com.android.ide.eclipse.ddms",1335770866803
started,bundle,org.eclipse.wst.sse.core,1.1.602.v201112071516,"org.eclipse.wst.sse.core",1335770866857
started,bundle,org.eclipse.wst.sse.ui,1.3.2.v201201041522,"org.eclipse.wst.sse.ui",1335770866863
started,bundle,org.eclipse.wst.xml.ui,1.1.202.v201112071516,"org.eclipse.wst.xml.ui",1335770866864
started,bundle,com.android.ide.eclipse.traceview,18.0.0.v201203301601-306762,"com.android.ide.eclipse.traceview",1335770869849
activated,workbench,org.eclipse.ui.workbench,3.7.1.v20120104-1859,"",1335771042874
deactivated,workbench,org.eclipse.ui.workbench,3.7.1.v20120104-1859,"",1335771047826
activated,workbench,org.eclipse.ui.workbench,3.7.1.v20120104-1859,"",1335771430313
deactivated,workbench,org.eclipse.ui.workbench,3.7.1.v20120104-1859,"",1335771431387
activated,workbench,org.eclipse.ui.workbench,3.7.1.v20120104-1859,"",1335771794271
deactivated,workbench,org.eclipse.ui.workbench,3.7.1.v20120104-1859,"",1335771795689
activated,workbench,org.eclipse.ui.workbench,3.7.1.v20120104-1859,"",1335771841834
deactivated,workbench,org.eclipse.ui.workbench,3.7.1.v20120104-1859,"",1335771843069
activated,workbench,org.eclipse.ui.workbench,3.7.1.v20120104-1859,"",1335771844773
deactivated,workbench,org.eclipse.ui.workbench,3.7.1.v20120104-1859,"",1335771845591
activated,workbench,org.eclipse.ui.workbench,3.7.1.v20120104-1859,"",1335771856420
deactivated,workbench,org.eclipse.ui.workbench,3.7.1.v20120104-1859,"",1335771857053
activated,workbench,org.eclipse.ui.workbench,3.7.1.v20120104-1859,"",1335771862859
deactivated,workbench,org.eclipse.ui.workbench,3.7.1.v20120104-1859,"",1335771864851
activated,workbench,org.eclipse.ui.workbench,3.7.1.v20120104-1859,"",1335771957496
deactivated,workbench,org.eclipse.ui.workbench,3.7.1.v20120104-1859,"",1335771958547
activated,workbench,org.eclipse.ui.workbench,3.7.1.v20120104-1859,"",1335771959019
activated,perspective,org.eclipse.jdt.ui,,"org.eclipse.jdt.ui.JavaPerspective",1335773240451
started,bundle,org.eclipse.osgi,3.7.2.v20120110-1415,"org.eclipse.osgi",1335773240452
started,bundle,org.eclipse.equinox.simpleconfigurator,1.0.200.v20110815-1438,"org.eclipse.equinox.simpleconfigurator",1335773240453
started,bundle,com.ibm.icu,4.4.2.v20110823,"com.ibm.icu",1335773240453
started,bundle,org.eclipse.core.contenttype,3.4.100.v20110423-0524,"org.eclipse.core.contenttype",1335773240454
started,bundle,org.eclipse.core.databinding.observable,1.4.0.I20110222-0800,"org.eclipse.core.databinding.observable",1335773240454
started,bundle,org.eclipse.core.expressions,3.4.300.v20110228,"org.eclipse.core.expressions",1335773240454
started,bundle,org.eclipse.core.filebuffers,3.5.200.v20110928-1504,"org.eclipse.core.filebuffers",1335773240454
started,bundle,org.eclipse.core.jobs,3.5.101.v20120113-1953,"org.eclipse.core.jobs",1335773240455
started,bundle,org.eclipse.core.net,1.2.100.I20110511-0800,"org.eclipse.core.net",1335773240455
started,bundle,org.eclipse.core.resources,3.7.101.v20120125-1505,"org.eclipse.core.resources",1335773240455
started,bundle,org.eclipse.core.runtime,3.7.0.v20110110,"org.eclipse.core.runtime",1335773240455
started,bundle,org.eclipse.core.runtime.compatibility,3.2.100.v20100505,"org.eclipse.core.runtime.compatibility",1335773240455
started,bundle,org.eclipse.core.runtime.compatibility.auth,3.2.200.v20110110,"org.eclipse.core.runtime.compatibility.auth",1335773240456
started,bundle,org.eclipse.epp.mpc.ui,1.1.1.I20110907-0947,"org.eclipse.epp.mpc.ui",1335773240456
started,bundle,org.eclipse.epp.usagedata.gathering,1.3.1.R201106061540,"org.eclipse.epp.usagedata.gathering",1335773240456
started,bundle,org.eclipse.epp.usagedata.recording,1.3.1.R201106061540,"org.eclipse.epp.usagedata.recording",1335773240456
started,bundle,org.eclipse.equinox.app,1.3.100.v20110321,"org.eclipse.equinox.app",1335773240456
started,bundle,org.eclipse.equinox.common,3.6.0.v20110523,"org.eclipse.equinox.common",1335773240456
started,bundle,org.eclipse.equinox.ds,1.3.1.R37x_v20110701,"org.eclipse.equinox.ds",1335773240457
started,bundle,org.eclipse.equinox.event,1.2.100.v20110502,"org.eclipse.equinox.event",1335773240458
started,bundle,org.eclipse.equinox.p2.core,2.1.1.v20120113-1346,"org.eclipse.equinox.p2.core",1335773240458
started,bundle,org.eclipse.equinox.p2.directorywatcher,1.0.300.v20110815-1419,"org.eclipse.equinox.p2.directorywatcher",1335773240459
started,bundle,org.eclipse.equinox.p2.engine,2.1.1.R37x_v20111003,"org.eclipse.equinox.p2.engine",1335773240459
started,bundle,org.eclipse.equinox.p2.metadata,2.1.0.v20110815-1419,"org.eclipse.equinox.p2.metadata",1335773240460
started,bundle,org.eclipse.equinox.p2.metadata.repository,1.2.0.v20110815-1419,"org.eclipse.equinox.p2.metadata.repository",1335773240460
started,bundle,org.eclipse.equinox.p2.operations,2.1.1.R37x_v20111111,"org.eclipse.equinox.p2.operations",1335773240460
started,bundle,org.eclipse.equinox.p2.reconciler.dropins,1.1.100.v20110815-1419,"org.eclipse.equinox.p2.reconciler.dropins",1335773240461
started,bundle,org.eclipse.equinox.p2.repository,2.1.1.v20120113-1346,"org.eclipse.equinox.p2.repository",1335773240461
started,bundle,org.eclipse.equinox.p2.ui.sdk.scheduler,1.0.100.v20110815-1419,"org.eclipse.equinox.p2.ui.sdk.scheduler",1335773240461
started,bundle,org.eclipse.equinox.p2.updatechecker,1.1.200.v20110815-1419,"org.eclipse.equinox.p2.updatechecker",1335773240462
started,bundle,org.eclipse.equinox.preferences,3.4.2.v20120111-2020,"org.eclipse.equinox.preferences",1335773240462
started,bundle,org.eclipse.equinox.registry,3.5.101.R37x_v20110810-1611,"org.eclipse.equinox.registry",1335773240462
started,bundle,org.eclipse.equinox.security,1.1.1.R37x_v20110822-1018,"org.eclipse.equinox.security",1335773240462
started,bundle,org.eclipse.equinox.util,1.0.300.v20110502,"org.eclipse.equinox.util",1335773240463
started,bundle,org.eclipse.help,3.5.100.v20110426,"org.eclipse.help",1335773240463
started,bundle,org.eclipse.jdt.core,3.7.3.v20120119-1537,"org.eclipse.jdt.core",1335773240463
started,bundle,org.eclipse.jdt.core.manipulation,1.4.0.v20110928-1453,"org.eclipse.jdt.core.manipulation",1335773240463
started,bundle,org.eclipse.jdt.ui,3.7.2.v20120109-1427,"org.eclipse.jdt.ui",1335773240463
started,bundle,org.eclipse.jface,3.7.0.v20110928-1505,"org.eclipse.jface",1335773240463
started,bundle,org.eclipse.jsch.core,1.1.300.I20110514-0800,"org.eclipse.jsch.core",1335773240464
started,bundle,org.eclipse.m2e.logback.configuration,1.0.200.20111228-1245,"org.eclipse.m2e.logback.configuration",1335773240464
started,bundle,org.eclipse.mylyn.bugzilla.core,3.6.5.v20120123-0100,"org.eclipse.mylyn.bugzilla.core",1335773240464
started,bundle,org.eclipse.mylyn.bugzilla.ui,3.6.0.v20110608-1400,"org.eclipse.mylyn.bugzilla.ui",1335773240464
started,bundle,org.eclipse.mylyn.commons.identity,0.8.0.v20110608-1400,"org.eclipse.mylyn.commons.identity",1335773240464
started,bundle,org.eclipse.mylyn.commons.net,3.6.0.v20110608-1400,"org.eclipse.mylyn.commons.net",1335773240464
started,bundle,org.eclipse.mylyn.commons.ui,3.6.1.v20110720-0100,"org.eclipse.mylyn.commons.ui",1335773240465
started,bundle,org.eclipse.mylyn.context.core,3.6.1.v20110720-0100,"org.eclipse.mylyn.context.core",1335773240465
started,bundle,org.eclipse.mylyn.context.ui,3.6.1.v20120112-0100,"org.eclipse.mylyn.context.ui",1335773240465
started,bundle,org.eclipse.mylyn.monitor.ui,3.6.0.v20110608-1400,"org.eclipse.mylyn.monitor.ui",1335773240465
started,bundle,org.eclipse.mylyn.tasks.ui,3.6.5.v20120215-0100,"org.eclipse.mylyn.tasks.ui",1335773240465
started,bundle,org.eclipse.mylyn.team.ui,3.6.1.v20110825-0100,"org.eclipse.mylyn.team.ui",1335773240465
started,bundle,org.eclipse.search,3.7.0.v20110928-1504,"org.eclipse.search",1335773240465
started,bundle,org.eclipse.team.core,3.6.0.I20110525-0800,"org.eclipse.team.core",1335773240465
started,bundle,org.eclipse.team.cvs.core,3.3.400.I20110510-0800,"org.eclipse.team.cvs.core",1335773240465
started,bundle,org.eclipse.team.cvs.ui,3.3.401.v20120126-1227,"org.eclipse.team.cvs.ui",1335773240465
started,bundle,org.eclipse.team.ui,3.6.101.R37x_v20111109-0800,"org.eclipse.team.ui",1335773240465
started,bundle,org.eclipse.ui,3.7.0.v20110928-1505,"org.eclipse.ui",1335773240465
started,bundle,org.eclipse.ui.console,3.5.100.v20111007_r372,"org.eclipse.ui.console",1335773240465
started,bundle,org.eclipse.ui.editors,3.7.0.v20110928-1504,"org.eclipse.ui.editors",1335773240465
started,bundle,org.eclipse.ui.forms,3.5.101.v20111011-1919,"org.eclipse.ui.forms",1335773240466
started,bundle,org.eclipse.ui.ide,3.7.0.v20110928-1505,"org.eclipse.ui.ide",1335773240466
started,bundle,org.eclipse.ui.net,1.2.100.v20111208-1155,"org.eclipse.ui.net",1335773240466
started,bundle,org.eclipse.ui.views,3.6.0.v20110928-1505,"org.eclipse.ui.views",1335773240466
started,bundle,org.eclipse.ui.workbench,3.7.1.v20120104-1859,"org.eclipse.ui.workbench",1335773240466
started,bundle,org.eclipse.ui.workbench.texteditor,3.7.0.v20110928-1504,"org.eclipse.ui.workbench.texteditor",1335773240466
started,bundle,org.eclipse.update.configurator,3.3.100.v20100512,"org.eclipse.update.configurator",1335773240467
started,bundle,org.eclipse.update.core,3.2.500.v20110330,"org.eclipse.update.core",1335773240467
started,bundle,org.eclipse.update.scheduler,3.2.300.v20100512,"org.eclipse.update.scheduler",1335773240467
started,bundle,org.eclipse.wb.discovery.core,1.3.0.r37x201202052340,"org.eclipse.wb.discovery.core",1335773240467
os,sysinfo,,,"linux",1335773240471
arch,sysinfo,,,"x86_64",1335773240471
ws,sysinfo,,,"gtk",1335773240471
locale,sysinfo,,,"en_US",1335773240471
processors,sysinfo,,,"8",1335773240471
java.runtime.name,sysinfo,,,"Java(TM) SE Runtime Environment",1335773240471
java.runtime.version,sysinfo,,,"1.6.0_26-b03",1335773240471
java.specification.name,sysinfo,,,"Java Platform API Specification",1335773240471
java.specification.vendor,sysinfo,,,"Sun Microsystems Inc.",1335773240471
java.specification.version,sysinfo,,,"1.6",1335773240471
java.vendor,sysinfo,,,"Sun Microsystems Inc.",1335773240471
java.version,sysinfo,,,"1.6.0_26",1335773240471
java.vm.info,sysinfo,,,"mixed mode",1335773240471
java.vm.name,sysinfo,,,"Java HotSpot(TM) 64-Bit Server VM",1335773240471
java.vm.specification.name,sysinfo,,,"Java Virtual Machine Specification",1335773240471
java.vm.specification.vendor,sysinfo,,,"Sun Microsystems Inc.",1335773240471
java.vm.specification.version,sysinfo,,,"1.0",1335773240471
java.vm.vendor,sysinfo,,,"Sun Microsystems Inc.",1335773240471
java.vm.version,sysinfo,,,"20.1-b02",1335773240471
started,bundle,org.eclipse.m2e.usagedata,1.0.200.20111228-1245,"org.eclipse.m2e.usagedata",1335773240474
started,bundle,org.eclipse.wb.discovery.ui,1.3.0.r37x201202052340,"org.eclipse.wb.discovery.ui",1335773240872
started,bundle,com.android.ide.eclipse.adt,18.0.0.v201203301601-306762,"com.android.ide.eclipse.adt",1335773240916
started,bundle,org.eclipse.core.filesystem,1.3.100.v20110423-0524,"org.eclipse.core.filesystem",1335773240931
started,bundle,org.eclipse.ltk.core.refactoring,3.5.201.r372_v20111101-0700,"org.eclipse.ltk.core.refactoring",1335773240935
started,bundle,org.eclipse.ltk.ui.refactoring,3.6.0.v20110928-1453,"org.eclipse.ltk.ui.refactoring",1335773240937
started,bundle,com.android.ide.eclipse.ddms,18.0.0.v201203301601-306762,"com.android.ide.eclipse.ddms",1335773240982
started,bundle,org.eclipse.wst.sse.core,1.1.602.v201112071516,"org.eclipse.wst.sse.core",1335773241062
started,bundle,org.eclipse.wst.sse.ui,1.3.2.v201201041522,"org.eclipse.wst.sse.ui",1335773241068
started,bundle,org.eclipse.wst.xml.ui,1.1.202.v201112071516,"org.eclipse.wst.xml.ui",1335773241069
opened,view,org.eclipse.ui.console,3.5.100.v20111007_r372,"org.eclipse.ui.console.ConsoleView",1335773241187
started,bundle,com.android.ide.eclipse.traceview,18.0.0.v201203301601-306762,"com.android.ide.eclipse.traceview",1335773244022
deactivated,workbench,org.eclipse.ui.workbench,3.7.1.v20120104-1859,"",1335773247606
activated,workbench,org.eclipse.ui.workbench,3.7.1.v20120104-1859,"",1335773255647
deactivated,workbench,org.eclipse.ui.workbench,3.7.1.v20120104-1859,"",1335773260531
activated,workbench,org.eclipse.ui.workbench,3.7.1.v20120104-1859,"",1335773260594
deactivated,workbench,org.eclipse.ui.workbench,3.7.1.v20120104-1859,"",1335773260633
activated,workbench,org.eclipse.ui.workbench,3.7.1.v20120104-1859,"",1335775696888
deactivated,workbench,org.eclipse.ui.workbench,3.7.1.v20120104-1859,"",1335775698523
executed,command,org.eclipse.ui,3.7.0.v20110928-1505,"org.eclipse.ui.file.import",1335775711154
executed,command,org.eclipse.ui,3.7.0.v20110928-1505,"org.eclipse.ui.file.import",1335775711154
activated,workbench,org.eclipse.ui.workbench,3.7.1.v20120104-1859,"",1335775711421
deactivated,workbench,org.eclipse.ui.workbench,3.7.1.v20120104-1859,"",1335775712586
activated,workbench,org.eclipse.ui.workbench,3.7.1.v20120104-1859,"",1335775846880
deactivated,workbench,org.eclipse.ui.workbench,3.7.1.v20120104-1859,"",1335775848243
activated,workbench,org.eclipse.ui.workbench,3.7.1.v20120104-1859,"",1335776229040
deactivated,workbench,org.eclipse.ui.workbench,3.7.1.v20120104-1859,"",1335776230834
activated,workbench,org.eclipse.ui.workbench,3.7.1.v20120104-1859,"",1335776870178
deactivated,workbench,org.eclipse.ui.workbench,3.7.1.v20120104-1859,"",1335776871892
started,bundle,org.eclipse.m2e.core,1.0.200.20111228-1245,"org.eclipse.m2e.core",1335776882980
started,bundle,org.eclipse.debug.core,3.7.1.v20111129-2031,"org.eclipse.debug.core",1335776882990
started,bundle,org.eclipse.m2e.jdt,1.0.200.20111228-1245,"org.eclipse.m2e.jdt",1335776883006
started,bundle,org.eclipse.jdt.launching,3.6.1.v20111006_r372,"org.eclipse.jdt.launching",1335776883451
started,bundle,org.eclipse.wst.server.core,1.1.304.v20120208_1420,"org.eclipse.wst.server.core",1335776883862
executed,command,org.eclipse.ui,3.7.0.v20110928-1505,"org.eclipse.ui.file.import",1335776883864
executed,command,org.eclipse.ui,3.7.0.v20110928-1505,"org.eclipse.ui.file.import",1335776883864
activated,workbench,org.eclipse.ui.workbench,3.7.1.v20120104-1859,"",1335776883882
started,bundle,org.eclipse.jdt.apt.core,3.3.500.v20110420-1015,"org.eclipse.jdt.apt.core",1335776884093
started,bundle,org.eclipse.jdt.apt.pluggable.core,1.0.400.v20110305-1450,"org.eclipse.jdt.apt.pluggable.core",1335776884098
started,bundle,org.eclipse.wb.core.lib,1.3.0.r37x201202052311,"org.eclipse.wb.core.lib",1335776884170
started,bundle,org.eclipse.wb.core,1.3.0.r37x201202052311,"org.eclipse.wb.core",1335776884191
started,bundle,org.eclipse.jgit,1.3.0.201202151440-r,"org.eclipse.jgit",1335776884440
started,bundle,org.eclipse.egit.core,1.3.0.201202151440-r,"org.eclipse.egit.core",1335776884464
started,bundle,org.eclipse.egit.ui,1.3.0.201202151440-r,"org.eclipse.egit.ui",1335776884503
error,log,,,"Unable to update index for central|http://repo1.maven.org/maven2",1335776885445
deactivated,workbench,org.eclipse.ui.workbench,3.7.1.v20120104-1859,"",1335776929647
activated,workbench,org.eclipse.ui.workbench,3.7.1.v20120104-1859,"",1335777786104
deactivated,workbench,org.eclipse.ui.workbench,3.7.1.v20120104-1859,"",1335777795102
activated,workbench,org.eclipse.ui.workbench,3.7.1.v20120104-1859,"",1335780653942
deactivated,workbench,org.eclipse.ui.workbench,3.7.1.v20120104-1859,"",1335780655987
executed,command,org.eclipse.ui,3.7.0.v20110928-1505,"org.eclipse.ui.file.import",1335780929072
executed,command,org.eclipse.ui,3.7.0.v20110928-1505,"org.eclipse.ui.file.import",1335780929072
activated,workbench,org.eclipse.ui.workbench,3.7.1.v20120104-1859,"",1335780929101
deactivated,workbench,org.eclipse.ui.workbench,3.7.1.v20120104-1859,"",1335780933200
activated,workbench,org.eclipse.ui.workbench,3.7.1.v20120104-1859,"",1335780938222
started,bundle,org.eclipse.compare.core,3.5.200.I20110208-0800,"org.eclipse.compare.core",1335780939434
started,bundle,org.eclipse.compare,3.5.202.R37x_v20111109-0800,"org.eclipse.compare",1335780939437
deactivated,workbench,org.eclipse.ui.workbench,3.7.1.v20120104-1859,"",1335780942275
executed,command,org.eclipse.ltk.ui.refactoring,3.6.0.v20110928-1453,"org.eclipse.ltk.ui.refactoring.commands.deleteResources",1335780945076
executed,command,org.eclipse.ui,3.7.0.v20110928-1505,"org.eclipse.ui.edit.delete",1335780945076
activated,workbench,org.eclipse.ui.workbench,3.7.1.v20120104-1859,"",1335780945119
deactivated,workbench,org.eclipse.ui.workbench,3.7.1.v20120104-1859,"",1335780948575
closed,workbench,org.eclipse.ui.workbench,3.7.1.v20120104-1859,"",1335780951294
stopped,bundle,org.eclipse.m2e.logback.configuration,1.0.200.20111228-1245,"org.eclipse.m2e.logback.configuration",1335780951542
stopped,bundle,org.eclipse.m2e.discovery,1.0.200.20111228-1245,"org.eclipse.m2e.discovery",1335780951542
stopped,bundle,org.eclipse.m2e.refactoring,1.0.200.20111228-1245,"org.eclipse.m2e.refactoring",1335780951542
stopped,bundle,org.eclipse.m2e.editor,1.0.200.20111228-1245,"org.eclipse.m2e.editor",1335780951542
stopped,bundle,org.eclipse.m2e.editor.xml,1.0.200.20111228-1245,"org.eclipse.m2e.editor.xml",1335780951542
stopped,bundle,org.eclipse.m2e.jdt,1.0.200.20111228-1245,"org.eclipse.m2e.jdt",1335780951542
stopped,bundle,org.eclipse.m2e.launching,1.0.200.20111228-1245,"org.eclipse.m2e.launching",1335780951542
stopped,bundle,org.eclipse.m2e.usagedata,1.0.200.20111228-1245,"org.eclipse.m2e.usagedata",1335780951542
stopped,bundle,overlay.com.android.ide.eclipse.adt.overlay,18.0.0.v201203301601-306762,"overlay.com.android.ide.eclipse.adt.overlay",1335780951542
stopped,bundle,com.android.ide.eclipse.adt,18.0.0.v201203301601-306762,"com.android.ide.eclipse.adt",1335780951542
stopped,bundle,org.eclipse.ui.cheatsheets,3.4.100.v20110425,"org.eclipse.ui.cheatsheets",1335780951543
stopped,bundle,org.eclipse.help.ui,3.5.101.r37_20110819,"org.eclipse.help.ui",1335780951543
stopped,bundle,org.eclipse.help.webapp,3.6.1.r37_20110929,"org.eclipse.help.webapp",1335780951543
stopped,bundle,org.eclipse.epp.mpc.ui,1.1.1.I20110907-0947,"org.eclipse.epp.mpc.ui",1335780951543
stopped,bundle,org.eclipse.epp.usagedata.ui,1.3.1.R201106061540,"org.eclipse.epp.usagedata.ui",1335780951543
stopped,bundle,org.eclipse.ui.intro.universal,3.2.500.v20110510,"org.eclipse.ui.intro.universal",1335780951543
stopped,bundle,org.eclipse.ui.intro,3.4.100.v20110425,"org.eclipse.ui.intro",1335780951543
stopped,bundle,org.eclipse.help.base,3.6.2.v201202080800,"org.eclipse.help.base",1335780951543
stopped,bundle,org.eclipse.equinox.http.jetty,2.0.100.v20110502,"org.eclipse.equinox.http.jetty",1335780951544
stopped,bundle,org.eclipse.m2e.core.ui,1.0.200.20111228-1245,"org.eclipse.m2e.core.ui",1335780951544
stopped,bundle,org.eclipse.m2e.core,1.0.200.20111228-1245,"org.eclipse.m2e.core",1335780951552
stopped,bundle,org.eclipse.mylyn.ide.ant,3.6.0.v20110608-1400,"org.eclipse.mylyn.ide.ant",1335780951553
stopped,bundle,org.eclipse.ant.ui,3.5.101.v20120110-1739,"org.eclipse.ant.ui",1335780951553
